{
    "a": {
        "coords": [
            33.77961104875347,
            -118.1134557723999
        ],
        "neighbors": {},
        "properties": {
            "isLandmark": true,
            "isAccessible": false
        }
    },
    "v": {
        "coords": [
            33.78273215869563,
            -118.11169624328613
        ],
        "neighbors": {},
        "properties": {
            "isLandmark": true,
            "isAccessible": false
        }
    }
}