{
    "Random": {
        "coords": [
            33.7797358953349,
            -118.11459302902223
        ],
        "neighbors": {
            "unNamed Node": {
                "distance": 0.07891401188854189
            }
        },
        "properties": {
            "isLandmark": true,
            "isAccessible": false
        }
    },
    "Library": {
        "coords": [
            33.776935721137164,
            -118.11442136764528
        ],
        "neighbors": {
            "unNamed Node": {
                "distance": 0.20050538153086564
            }
        },
        "properties": {
            "isLandmark": true,
            "isAccessible": false
        }
    },
    "unNamed Node": {
        "coords": [
            33.77966455445351,
            -118.1132197380066
        ],
        "neighbors": {
            "Random": {
                "distance": 0.07891401188854189
            },
            "Library": {
                "distance": 0.20050538153086564
            }
        },
        "properties": {
            "isLandmark": false,
            "isAccessible": false
        }
    }
}