{
    "_meta": {
        "units": "kilometers",
        "description": "Campus walking paths graph"
    },
    "Hi": {
        "coords": [
            33.77913841361827,
            -118.11341285705568
        ],
        "neighbors": {
            "Hello": {
                "distance": 0.10905302435542212
            }
        },
        "properties": {
            "isLandmark": false,
            "isAccessible": false
        }
    },
    "Hello": {
        "coords": [
            33.77782750629346,
            -118.11447501182558
        ],
        "neighbors": {
            "Hi": {
                "distance": 0.10905302435542212
            }
        },
        "properties": {
            "isLandmark": true,
            "isAccessible": false
        }
    }
}